first_name,last_name,customer_number,address
Joseph, Silvers,C1002937,74 Meadowbrook Ave. Teaneck NJ 07666
Lizabeth, Dunaway,C1002938,573 Randall Mill Lane Barrington IL 60010
Ivonne, Bolduc,C1002939,90 Rock Maple Drive The Villages FL 32162
Una, Bello,C1002940,765 Valley View St. Elizabethton TN 37643
Felecia, Renfro,C1002941,8703 Cedarwood Rd. Canandaigua NY 14424
Suzanna, Mcdonough,C1002942,7369 Pendergast St.Laurel MD 20707
Clarisa, Holliday,C1002943,31 Golf Dr. Chippewa Falls WI 54729
Alysia, Purcell,C1002944,384 Country St. North Andover MA 01845
Keisha, Mckenney,C1002945,460 Gartner St. Rahway NJ 07065
Marisa, Craddock,C1002946,1 Kirkland Lane Oxford MS 38655
Sammie, Navarrete,C1002947,95 Newbridge Street Catonsville MD 21228
Kanesha, Rapp,C1002948,391 Roehampton Dr. Asheboro NC 27205
Nydia, Sawyers,C1002949,10 Delaware St. Fargo ND 58102
Celesta, Beckman,C1002950,92 Old York Street Mahwah NJ 07430
Daisey, Nettles,C1002951,91 Brickyard St. West Lafayette IN 47906
Martin, Roby,C1002952,722 Ryan Street Goshen IN 46526
Elton, Clarkson,C1002953,95 Lake View Street Avon Lake OH 44012
Danita, Bruno,C1002954,9587 Brook Ave. Fresno CA 93706
Ronni, Petrie,C1002955,553 West Woodside Ave. Torrington CT 06790
Rossana, Ayers,C1002956,866 West Main Street Belmont MA 02478
Ilse, Fryer,C1002957,225 Nut Swamp Lane Cordova TN 38016
Roxann, Dube,C1002958,828 Big Rock Cove Lane Richmond Hill NY 11418
Imelda, Tom,C1002959,382 Alton St. Westfield MA 01085
Lesley, Forman,C1002960,694 Harrison Ave. Marshfield WI 54449
Jesica, Street,C1002961,9569 N. San Carlos St. Marietta GA 30008
Latosha, Tomlin,C1002962,561 East State St. Upper Marlboro MD 20772
Dorie, Carmichael,C1002963,153 Prince Street Hempstead NY 11550
Perla, Howe,C1002964,440 Railroad Lane Knoxville TN 37918
Columbus, Cyr,C1002965,7590 Marshall Drive Attleboro MA 02703
Willian, Mcvay,C1002966,8417 New Saddle Avenue Hastings MN 55033
Svetlana, Hamer,C1002967,84 Beacon St. Doylestown PA 18901
Darby, Fenner,C1002968,9611 Inverness St. Stroudsburg PA 18360
Edmundo, Bethel,C1002969,517 Edgefield Ave. South Plainfield NJ 07080
Charlie, Shields,C1002970,8628 Augusta St. Maplewood NJ 07040
Natalya, Sisson,C1002971,304 South Washington Dr. Rock Hill SC 29730
Dan, Oneal,C1002972,8540 Branch Street Coventry RI 02816
Sallie, Ridgeway,C1002973,9590 West Stillwater St. Salem MA 01970
Eugenie, Eason,C1002974,335 Sierra Drive West Orange NJ 07052
Heidy, Roche,C1002975,687 Wild Horse Court Glastonbury CT 06033
Nga, Pimentel,C1002976,8080 St Paul Drive Garfield NJ 07026
Shalonda, Lombard,C1002977,451 Country Dr. Utica NY 13501
Richie, Sylvester,C1002978,9396 Plumb Branch Rd. Cuyahoga Falls OH 44221
Alexander, Burchfield,C1002979,7066 Hawthorne St. North Haven CT 06473
Corliss, Hadley,C1002980,9 School Lane Saint Cloud MN 56301
Reena, Beauregard,C1002981,585 Logan Lane Faribault MN 55021
Inocencia, Brandon,C1002982,392 La Sierra Ave. Taunton MA 02780
Darwin, August,C1002983,7585 Lilac Ave. Lewis Center OH 43035
Jinny, Feeney,C1002984,64 Belmont Road Howell NJ 07731
Renita, Jaynes,C1002985,8256 Brewery Road Beaver Falls PA 15010
Lili, Robert,C1002986,49 Carriage Ave. Natchez MS 39120
Arletha, Tice,C1002987,7432 Rockland St. Lake Villa IL 60046
Lorette, Boland,C1002988,9473 Lees Creek St. Southington CT 06489
Emmitt, Wilt,C1002989,681 Laurel Drive Lynnwood WA 98037
Ka, Sloan,C1002990,318 Mayfield Street Madison Heights MI 48071
Darrick, Maddox,C1002991,523 North Bellevue St. Lincoln NE 68506
Kit, Pendleton,C1002992,96 Lake Street Suite 27 Hazleton PA 18201
Willodean, Carrier,C1002993,69 Elmwood Lane Phoenix AZ 85021
, Richmond,C1002994,96 SW. Valley View St. Carpentersville IL 60110
Chantelle, Carnes,C1002995,9431 Beach Lane Midland MI 48640
Lakesha, Strain,C1002996,8591 Vernon Street Brookfield WI 53045
Hyacinth, Kowalski,C1002997,949 Walt Whitman Street Hackensack NJ 07601
Jenniffer, Ault,C1002998,95 Church Dr. Braintree MA 02184
Marvella, Mccaskill,C1002999,4 Myers St. Mason City IA 50401
Johna, Pritchard,C1003000,910 Plymouth St. Kansas City MO 64151
Allene, Youngblood,C1003001,9813 North Dr. Mesa AZ 85203
Dania, Dawkins,C1003002,703 NE. Rockledge Ave. Brookline MA 02446
Dovie, Heck,C1003003,8329 East Elmwood Street Feasterville Trevose PA 19053
Geralyn, Doss,C1003004,27 SE. Sunset Court Noblesville IN 46060
Rebecka, Bible,C1003005,6 St Margarets St. Chesterfield VA 23832
Lavon, Haywood,C1003006,554 East Cherry Dr. Glen Ellyn IL 60137
Lanelle, Conn,C1003007,7988 Colonial Street Greenville NC 27834
Emmie, Acuna,C1003008,116 Grove St. Wakefield MA 01880
Shirly, Gunn,C1003009,8181 53rd Dr. Havertown PA 19083
Veta, Schindler,C1003010,8754 North Division Dr. Manchester Township NJ 08759
Beatriz, Denning,C1003011,39 S. Wagon St. Harrisonburg VA 22801
, Rollins,C1003012,7848 Oak Ave. Bronx NY 10451
Alysha, Mckinley,C1003013,934 Oak Valley St. Apt 5 Bethesda MD 20814
Gilma, Donahue,C1003014,96 S. Rosewood St. Wheeling WV 26003
Marty, Hacker,C1003015,12 Fawn St. Zeeland MI 49464
Mose, Guerin,C1003016,8023 Philmont Road Norman OK 73072
Deonna, Scarborough,C1003017,9364 Fairground St. Ypsilanti MI 48197
Arnita, Wellman,C1003018,42 W. Paris Hill Ave. Fayetteville NC 28303
Genevie, Jeffers,C1003019,95 Taylor St. Lapeer MI 48446
Thaddeus, Cottrell,C1003020,9935 Glenlake Lane Canfield OH 44406
Alene, Brennan,C1003021,9987 Saxton St. Kings Mountain NC 28086
Arcelia, Davies,C1003022,80 W. Valley View St. Shrewsbury MA 01545
Trinidad, Katz,C1003023,909 Linden Street Omaha NE 68107
Juliet, Card,C1003024,63 West Westminster Street Flushing NY 11354
Jaunita, Driver,C1003025,24 Third Lane Snohomish WA 98290
Cherlyn, Koonce,C1003026,68 Warren Ave. Saint Johns FL 32259
Layne, Adam,C1003027,983 Church St. Ellicott City MD 21042
Elwood, Eggleston,C1003028,41 Magnolia Street Hamburg NY 14075
Felipa, Stubbs,C1003029,9273 Elm Court Adrian MI 49221
Shelby, Ashton,C1003030,333 County Dr. Kaukauna WI 54130
Laurine, Stuckey,C1003031,215 Carriage St. Chicopee MA 01020
Wilford, Mize,C1003032,81 Hilldale Dr. Miami Gardens FL 33056
Tamisha, Covington,C1003033,7197 N. Maiden Road Bangor ME 04401
Estrella, Denney,C1003034,7013 Studebaker Ave. Roy UT 84067
Georgetta, Burge,C1003035,292 Mechanic Ave. Andover MA 01810
Rosana, Metz,C1003036,254 Beaver Ridge St. Solon OH 44139
